name,email,visit_date
Matthew Sparks,heatherhansen@example.com,2024-05-13
Joseph Cole,martinbrian@example.org,2024-07-02
Jennifer West,sallyhanna@example.org,2024-10-13
Keith Bruce,saracarter@example.net,2024-08-30
Terry Allen,alan98@example.net,2024-09-21
John Beck,stacey59@example.net,2024-06-13
Tonya Larsen,hamiltonluis@example.net,2024-08-14
Keith Bruce,michaelnichols@example.org,2024-09-02
Stacey Smith,jcoffey@example.org,2024-08-01
Carrie Valenzuela,franceswade@example.com,2024-05-16
Clayton Williams,elizabethmiller@example.net,2024-08-13
Erica Decker,holly55@example.org,2024-05-23
Kimberly Short,zkennedy@example.com,2024-07-22
Emily Davis,gutierrezmarc@example.com,2024-07-10
Sharon Williams,fmarquez@example.com,2024-05-03
Thomas Williams,warrendeborah@example.net,2024-10-17
Martha Frost,amandagarcia@example.org,2024-05-08
Matthew Hernandez,charles88@example.org,2024-06-25
Tonya Larsen,bridget42@example.net,2024-07-21
Andrew Cuevas,jessekelly@example.net,2024-06-09
Joseph Cole,andrew33@example.net,2024-08-01
Tonya Larsen,brittneycarter@example.net,2024-06-07
Joseph Cole,wadeanthony@example.net,2024-08-30
John Walter,xgibson@example.org,2024-07-11
Gabriel Moore,james66@example.com,2024-09-27
Kristin Hull,sharpcurtis@example.net,2024-04-24
Michael Boyle,sherry74@example.com,2024-10-12
Sarah Moore,yoderkimberly@example.net,2024-06-19
Thomas Sanchez,amandawilliams@example.com,2024-05-30
Nancy Bailey,sanchezderek@example.com,2024-10-01
Lance Jones,yfields@example.org,2024-09-27
Alyssa Ross,spencemartin@example.net,2024-09-06
Lisa Young,portertyler@example.org,2024-07-29
Courtney Miller,qhiggins@example.com,2024-08-15
Virginia Gray,kevinmoore@example.org,2024-09-29
Clayton Williams,castroamanda@example.com,2024-10-19
Roberto Gibbs,gjones@example.com,2024-08-26
Steven Fox,susan82@example.org,2024-05-22
Benjamin Ramos,mitchelljoshua@example.net,2024-09-04
Paul Henry,josephspears@example.com,2024-10-12
Sandy Andrade,stokesheather@example.com,2024-07-28
Jo Martinez,phillipsdaniel@example.com,2024-06-06
Sara Simmons,katrinarocha@example.net,2024-08-08
Joseph Cole,jefferymiller@example.com,2024-07-06
Guy Hicks,shunter@example.net,2024-07-16
Rachel Pruitt,marcusmueller@example.org,2024-10-09
Megan Wilson,amanda30@example.net,2024-09-10
Kellie Watson,grahamtracey@example.net,2024-08-28
Sarah Maldonado,stephenpratt@example.net,2024-08-25
Clayton Williams,atran@example.net,2024-06-22
Tonya Larsen,christinarobinson@example.com,2024-10-06
Paul Brown,michaelcassandra@example.com,2024-08-07
Alicia Moran,moorechad@example.com,2024-07-28
Mark Johnson,danielbarrera@example.org,2024-10-08
Craig Zimmerman,tammy24@example.com,2024-08-09
Eric Fox,elizabethrodriguez@example.net,2024-06-03
Kara Walsh,lhernandez@example.com,2024-06-16
Keith Bruce,dmclaughlin@example.net,2024-10-18
Mark Matthews,tiffany59@example.com,2024-07-23
Timothy Edwards,kenneth37@example.org,2024-05-30
Joseph Cole,michaeldavis@example.org,2024-06-22
Tyrone Porter,vcampbell@example.net,2024-06-20
Lori Johnson,kristenrobinson@example.com,2024-06-01
Joe Hayes,cwright@example.org,2024-08-20
Paul Coleman,jjackson@example.com,2024-05-15
Clayton Williams,ulopez@example.net,2024-10-15
Caitlin King,amiller@example.net,2024-05-07
Mrs. Danielle Branch,contrerasmike@example.net,2024-10-12
Daniel Brown,stephanie55@example.com,2024-10-06
Joy Smith,emunoz@example.org,2024-05-15
James Nguyen,vincent79@example.net,2024-10-06
Stephanie Boyd,martinmathew@example.com,2024-04-23
Patricia Wolf,margarethenderson@example.org,2024-06-05
Natalie Santiago,mary43@example.org,2024-05-19
John Navarro,shannon31@example.com,2024-08-18
Keith Bruce,michael47@example.net,2024-08-17
Benjamin Snyder,bryan24@example.net,2024-09-04
Clayton Williams,andrewsmargaret@example.com,2024-08-10
David Lopez,brian31@example.com,2024-05-28
Megan Morgan,danieldodson@example.com,2024-05-21
Tonya Larsen,briandavis@example.net,2024-08-23
Tyler Lopez,christophergilbert@example.net,2024-06-26
Bonnie Blake,wgoodwin@example.net,2024-09-11
Debbie Morgan,nharrell@example.com,2024-10-10
Danielle Lawrence,jimenezyvonne@example.org,2024-10-09
Megan Rodriguez,kaylamayo@example.com,2024-06-04
Steven Roberts,valdezshelia@example.org,2024-08-21
Joseph Cole,vmalone@example.com,2024-08-23
Henry West,walkercristina@example.net,2024-06-10
Nicole Roberts DDS,hdillon@example.net,2024-06-09
Michael Clayton,michael46@example.net,2024-07-04
Keith Bruce,sramirez@example.com,2024-10-04
Julie Hawkins,brian77@example.net,2024-09-03
Veronica Ramos,vicki25@example.net,2024-07-24
Cassandra Thompson,mayobrianna@example.org,2024-06-30
James Gray,kim62@example.org,2024-10-18
Keith Bruce,harrisjennifer@example.com,2024-08-13
Brandon Figueroa,ajohnson@example.com,2024-07-25
Caroline Malone,lynn95@example.org,2024-05-28
Sarah West,qjohnson@example.net,2024-06-11
