Partner Name,Specialty,Benefits Offered
AngelHack,Technology,"Organize coding workshops, Conduct hackathons, Facilitate tech networking events, Host tech conferences"
ArtisanWorkshops,Art,"Coordinate collaborative art projects, Offer art therapy sessions"
CulinaryMasters,Culinary,"Organize chef competitions, Offer farm-to-table experiences, Arrange cooking classes, Host food tasting events"
EcoAdventures,Outdoor,"Organize photography tours, Host eco-friendly seminars, Lead nature excursions"
HealthHub Seminars,Health,"Organize health and wellness expos, Provide wellness seminars"
GlobalMinds Symposiums,Education,"Facilitate interdisciplinary workshops, Host educational conferences, Organize expert panel discussions"
InnovateTech Hackathons,Innovation,"Conduct themed hackathons, Offer mentorship sessions with industry experts"
MusicFusion Festivals,Music,"Offer open mic nights, Coordinate music performances"
FitLife Retreats,Fitness,"Organize group fitness challenges, Offer fitness boot camps, Host yoga retreats, Conduct personal training sessions"
BusinessElite Networking,Business,"Provide business mentorship sessions, Host leadership workshops, Facilitate networking events"
GreenEarth Exhibitions,Environment,"Offer green technology demonstrations, Conduct environmental science exhibitions"
FilmMakers United,Film,"Host filmmaking workshops, Facilitate film industry networking events, Organize film screenings, Offer film equipment demonstrations"
DigitalNomad Meetups,Remote Work,"Organize digital nomad networking events, Host remote work strategy sessions"
ScienceXplorer Events,Science,"Facilitate citizen science projects, Organize hands-on science experiments, Conduct interactive science exhibitions"
